{"imageData": "iVBORw0KGgoAAAANSUhEUgAAAfQAAAH0CAMAAAD8CC+4AAAAAXNSR0IB2cksfwAAAAZQTFRF/f39//8A5X8gAQAAAAlwSFlzAAAOxAAADsQBlSsOGwAABP9JREFUeJzt0cFNGwAUBUHov2kuOVmKQAkPvr0zFay0b28AAAAAAAAAAMDE+x+/3cEPen/w2z38gMfp7r++vz43/3V9Pt38l/P16e6/jH+Ybv6z+4/p5j+rb5ju/pP5zufePwnTg0wPMj3I9CDPewbPTb/O9CDTg0wPMj3I9J7Fc9OP8zzI9CDTg0wPMr1n8dz040wPMj3I8yDTg0zvWTw3/TjTg0wPMj3I9CDTezwPMj3I9CDTg0wPMr1n8tz020wP8jzI9CDTg0zvmTw3/TbTg0wPMj3I9CDPeybPTb/N9CDTg0wPMj3I9J7Nc9NP8zzI9CDTg0wPMr1n89z000wPMj3I8yDTg0zv2Tw3/TTTg0wPMj3I9CDTezwPMj3I9CDTg0wPMr1n9Nz0y0wP8jzI9CDTg0zvGT03/TLTg0wPMj3I9CDPe0bPTb/M9CDTg0wPMj3I9J7Vc9MP8zzI9CDTg0wPMr1n9dz0w0wPMj3I8yDTg0zvWT03/TDTg0wPMj3I9CDTezwPMj3I9CDTg0wPMr1n9tz0u0wP8jzI9CDTg0zvmT03/S7Tg0wPMj3I857Zc9PvMj3I9CDTg0zv2T03/SzPg0wPMj3I9CDTezwPMj3I9CDTg0zv8TzI9CDTg0wPMr3H8yDTg0wPMj3I9CDPe2bPTb/L9CDTg0wPMr3H8yDTg0wPMj3I9B7Pg0wPMj3I9CDTgzzvmT03/S7Tg0wPMj3I857Zc9PvMj3I9CDTgzzvmT03/S7Tg0wPMj3I857Zc9PvMj3I9CDTg0wP8rxn9tz0u0wPMj3I9CDPe2bPTb/L9CDTg0wP8rxn9tz0u0wPMj3I9CDPg0zvmT03/S7Tg0wP8jzI9J7Zc9PvMj3I9CDPg0zvmT03/S7Tg0wPMj3I8yDTe2bPTb/L9CDTgzwPMr1n9tz0u0wPMj3I8yDTe2bPTb/L9CDTgzwPMj3I9J7Zc9PvMj3I8yDTg0zvmT03/S7TgzwPMj3I9J7Zc9PvMj3I9CDPg0zvmT03/S7Tg0wP8jzI9CDTe2bPTb/L9CDPg0wPMr1n9tz0u0wP8jzI9CDTe2bPTb/L9CDPg0wPMj3I9J7Zc9Pv8jzI9CDTg0zvmT03/S7TgzwPMj3I9J7Zc9PvMj3I8yDTg0wPMr1n9tz0uzwPMj3I9CDTe2bPTb/L8yDTg0wPMr1n9tz0uzwPMj3I9CDTe2bPTb/L8yDTg0wPMj3I9J7Zc9Pv8jzI9CDTg0zvmT03/S7Pg0wPMj3I9J7Zc9Pv8jzI9CDTg0wPMr3H8yDTg0wPMj3I9B7Pg0wPMj3I9CDTezwPMj3I9CDTg0wP8rxn9dz0w0wPMj3I9CDTezwPMj3I9CDTg0zv8TzI9CDTg0wPMr3H8yDTg0wPMj3I9CDPe1bPTT/M9CDTg0wP8rxn9dz0w0wPMj3I9CDPe1bPTT/M9CDTg0wPMj3I857Vc9MPMz3I9CDTgzzvWT03/TDTg0wPMj3I857Vc9MPMz3I9CDTgzwPMr1n9dz0w0wPMj3I8yDTe1bPTT/M9CDTgzwPMr1n9dz0w0wPMj3I9CDPe1bPTT/M9CDTg0wP8jzI9J7Vc9MPMz3I9CDPg0zvWT03/TDTg0wP8jzI9J7Vc9MPM73J9CjPo0yPMj3K9CjTozyPMj3K9CjTo0yPMj3K8yjTo0yPMj3K9CjPo0yPMr3KdAAAAAAAAAAArvkAkX2bfPi6uY0AAAAASUVORK5CYII=", "contentType": "image/png", "width": 500, "height": 500, "extent": {"xmin": 4238016.78294893, "ymin": 7872425.011669687, "xmax": 4238297.78294893, "ymax": 7872706.011669687, "spatialReference": {"wkid": 102100, "latestWkid": 3857}}, "scale": 2124.09024}